Temperature,Luminosity,Infrared,Distance,CreatedAt,Source
24.77,63.96,0,242.96,01/03/2020 10:22:01,FlashLight
24.77,64.06,0,301.72,01/03/2020 10:22:02,FlashLight
24.77,64.06,0,71.52,01/03/2020 10:22:03,FlashLight
24.44,63.18,0,366.22,01/03/2020 10:22:04,FlashLight
24.12,69.14,0,350.8,01/03/2020 10:22:05,FlashLight
23.8,65.62,0,13.86,01/03/2020 10:22:06,FlashLight
23.8,66.41,0,290.37,01/03/2020 10:22:07,FlashLight
24.77,68.85,0,382.72,01/03/2020 10:22:08,FlashLight
24.77,69.14,0,322.63,01/03/2020 10:22:09,FlashLight
24.44,67.58,0,366.69,01/03/2020 10:22:10,FlashLight
23.8,61.91,0,400,01/03/2020 10:22:11,FlashLight
24.12,54.79,0,321.3,01/03/2020 10:22:12,FlashLight
23.48,90.33,0,11.61,01/03/2020 10:22:13,FlashLight
24.44,100,0,10.78,01/03/2020 10:22:14,FlashLight
24.12,100,0,364.7,01/03/2020 10:22:15,FlashLight
23.48,83.59,0,394.32,01/03/2020 10:22:16,FlashLight
24.12,79.49,0,317.08,01/03/2020 10:22:17,FlashLight
23.48,84.18,0,369.19,01/03/2020 10:22:18,FlashLight
24.77,88.38,0,218.91,01/03/2020 10:22:19,FlashLight
23.48,87.6,0,318.49,01/03/2020 10:22:20,FlashLight
23.48,79,0,399.53,01/03/2020 10:22:21,FlashLight
23.48,84.67,0,95.86,01/03/2020 10:22:22,FlashLight
23.48,87.6,0,343.57,01/03/2020 10:22:23,FlashLight
24.77,60.94,0,78.83,01/03/2020 10:22:24,FlashLight
23.48,95.31,0,73.24,01/03/2020 10:22:25,FlashLight
23.48,92.77,0,73.64,01/03/2020 10:22:26,FlashLight
23.48,93.16,0,73.86,01/03/2020 10:22:27,FlashLight
23.48,84.77,0,399.49,01/03/2020 10:22:28,FlashLight
23.8,88.67,0,325.6,01/03/2020 10:22:29,FlashLight
24.77,87.11,0,68.15,01/03/2020 10:22:30,FlashLight
24.77,86.23,0,66.11,01/03/2020 10:22:31,FlashLight
24.44,84.77,0,66.15,01/03/2020 10:22:32,FlashLight
24.77,82.13,0,66.19,01/03/2020 10:22:33,FlashLight
24.77,83.3,0,64.68,01/03/2020 10:22:34,FlashLight
24.77,81.35,0,73.78,01/03/2020 10:22:35,FlashLight
24.44,89.55,0,68.42,01/03/2020 10:22:36,FlashLight
24.44,95.61,0,69.64,01/03/2020 10:22:37,FlashLight
24.77,94.43,0,68.61,01/03/2020 10:22:38,FlashLight
24.77,89.26,0,67.07,01/03/2020 10:22:39,FlashLight
24.12,84.77,0,67.14,01/03/2020 10:22:40,FlashLight
24.44,83.5,0,68.91,01/03/2020 10:22:41,FlashLight
24.44,82.32,0,400,01/03/2020 10:22:42,FlashLight
23.48,83.69,0,63.88,01/03/2020 10:22:43,FlashLight
24.12,81.54,0,37.69,01/03/2020 10:22:44,FlashLight
24.44,80.27,0,400,01/03/2020 10:22:45,FlashLight
24.12,77.05,0,67.24,01/03/2020 10:22:46,FlashLight
25.89,25.59,94.63,19.84,01/03/2020 10:22:47,Infrared
25.89,34.18,95.51,400,01/03/2020 10:22:48,Infrared
25.89,24.9,77.83,400,01/03/2020 10:22:49,Infrared
24.14,42.87,0,6.79,01/03/2020 10:22:50,FlashLight
24.14,40.82,0,8.79,01/03/2020 10:22:51,FlashLight
24.14,50.29,0,8.52,01/03/2020 10:22:52,FlashLight
24.14,100,0,7.13,01/03/2020 10:22:53,FlashLight
24.14,100,0,7.48,01/03/2020 10:22:54,FlashLight
24.14,62.4,0,8.8,01/03/2020 10:22:55,FlashLight
24.82,50.49,0,8.84,01/03/2020 10:22:56,FlashLight
24.14,50.1,0,9.42,01/03/2020 10:22:57,FlashLight
24.63,4.1,0,400,01/03/2020 10:22:58,Day
24.63,5.37,0,156.23,01/03/2020 10:22:59,Day
24.63,4,0,154.5,01/03/2020 10:23:00,Day
24.63,4.2,0,153.65,01/03/2020 10:23:01,Day
24.63,4.1,0,155.35,01/03/2020 10:23:02,Day
24.63,4.2,0,154.91,01/03/2020 10:23:03,Day
24.63,4.1,0,154.51,01/03/2020 10:23:04,Day
24.63,4.1,0,155.74,01/03/2020 10:23:05,Day
24.63,4.1,0,153.67,01/03/2020 10:23:06,Day
24.6,6.05,0,154.49,01/03/2020 10:23:07,Day
24.63,4.1,0,400,01/03/2020 10:23:08,Day
24.31,3.91,0,5.13,01/03/2020 10:23:09,Day
23.63,4.1,0,154.15,01/03/2020 10:23:10,Day
23.63,4.1,0,154.13,01/03/2020 10:23:11,Day
23.63,4.1,0,155.38,01/03/2020 10:23:12,Day
23.63,5.47,0,155.35,01/03/2020 10:23:13,Day
23.63,4.3,0,154.9,01/03/2020 10:23:14,Day
23.63,4.3,0,154.92,01/03/2020 10:23:15,Day
23.63,4.1,0,154.06,01/03/2020 10:23:16,Day
23.63,4.1,0,156.16,01/03/2020 10:23:17,Day
64.05,97.46,96,155.75,01/03/2020 10:23:18,Lighter
64.05,82.32,95.21,400,01/03/2020 10:23:19,Lighter
64.05,66.8,86.72,5.12,01/03/2020 10:23:20,Lighter
64.38,100,96.48,154.99,01/03/2020 10:23:21,Lighter
64.96,100,95.7,153.66,01/03/2020 10:23:22,Lighter
64.28,100,96.78,155.74,01/03/2020 10:23:23,Lighter
64.92,100,96.09,400,01/03/2020 10:23:24,Lighter
84.71,100,95.51,6.34,01/03/2020 10:23:25,Lighter
70.85,100,95.31,153.62,01/03/2020 10:23:26,Lighter
90.83,100,93.65,152.82,01/03/2020 10:23:27,Lighter
92.12,100,94.43,154.87,01/03/2020 10:23:28,Lighter
98.24,100,94.34,153.63,01/03/2020 10:23:29,Lighter
87.29,100,93.85,154.46,01/03/2020 10:23:30,Lighter
24.31,18.75,0,153.61,01/03/2020 10:23:31,Infrared
26.38,21.58,70.51,153.16,01/03/2020 10:23:32,Infrared
26.38,21.97,72.27,152.37,01/03/2020 10:23:33,Infrared
26.38,18.36,11.72,400,01/03/2020 10:23:34,Infrared
26.38,18.07,25,5.06,01/03/2020 10:23:35,Infrared
26.38,21,51.56,400,01/03/2020 10:23:36,Infrared
26.38,23.44,93.95,5.11,01/03/2020 10:23:37,Infrared
26.38,22.75,93.55,154.04,01/03/2020 10:23:38,Infrared
26.7,19.14,93.36,154.04,01/03/2020 10:23:39,Infrared
26.38,21.09,94.34,152.74,01/03/2020 10:23:40,Infrared
28.96,6.54,0,18.78,01/03/2020 10:23:41,FlashLight
24.28,14.45,0,17.49,01/03/2020 10:23:42,FlashLight
23.96,9.08,0,154.89,01/03/2020 10:23:43,FlashLight
23.96,7.71,0,155.39,01/03/2020 10:23:44,FlashLight
23.96,8.98,0,154.51,01/03/2020 10:23:45,FlashLight
23.96,10.64,0,154.98,01/03/2020 10:23:46,FlashLight
23.28,9.08,0,14.8,01/03/2020 10:23:47,FlashLight
23.28,30.47,0,154.91,01/03/2020 10:23:48,FlashLight
23.28,26.46,0,155.8,01/03/2020 10:23:49,FlashLight
23.28,39.94,0,155.79,01/03/2020 10:23:50,FlashLight
23.28,45.51,0,12.08,01/03/2020 10:23:51,FlashLight
23.28,54.1,0,156.99,01/03/2020 10:23:52,FlashLight
23.28,55.57,0,156.15,01/03/2020 10:23:53,FlashLight
23.28,57.32,0,9.62,01/03/2020 10:23:54,FlashLight
23.28,66.5,0,11.26,01/03/2020 10:23:55,FlashLight
23.28,69.04,0,10.39,01/03/2020 10:23:56,FlashLight
23.28,60.25,0,10.11,01/03/2020 10:23:57,FlashLight
23.96,59.18,0,9.34,01/03/2020 10:23:58,FlashLight
23.28,61.62,0,10.37,01/03/2020 10:23:59,FlashLight
23.28,100,0,6.39,01/03/2020 10:24:00,FlashLight
23.28,86.91,0,6.14,01/03/2020 10:24:01,FlashLight
24.92,45.7,0,6.45,01/03/2020 10:24:02,FlashLight
24.31,37.99,0,154.1,01/03/2020 10:24:03,FlashLight
24.77,18.55,0,400,01/03/2020 10:24:04,Day
24.12,24.9,0,193.25,01/03/2020 10:24:05,Day
24.44,24.41,0,193.72,01/03/2020 10:24:06,Day
24.44,25.49,0,193.75,01/03/2020 10:24:07,Day
24.44,25.39,0,194.58,01/03/2020 10:24:08,Day
24.44,25.49,0,194.64,01/03/2020 10:24:09,Day
24.44,25.88,0,193.79,01/03/2020 10:24:10,Day
24.44,25.98,0,194.66,01/03/2020 10:24:11,Day
24.44,25.88,0,193.78,01/03/2020 10:24:12,Day
24.44,25.98,0,194.64,01/03/2020 10:24:13,Day
24.44,26.46,0,193.75,01/03/2020 10:24:14,Day
24.44,26.46,0,193.73,01/03/2020 10:24:15,Day
24.12,25.88,0,195.05,01/03/2020 10:24:16,Day
24.44,26.56,0,193.75,01/03/2020 10:24:17,Day
24.77,25.59,0,195.03,01/03/2020 10:24:18,Day
24.77,26.46,0,194.58,01/03/2020 10:24:19,Day
132.4,100,41.31,195.23,01/03/2020 10:24:20,Lighter
115,100,43.85,195.19,01/03/2020 10:24:21,Lighter
109.52,100,49.22,194.44,01/03/2020 10:24:22,Lighter
94.05,100,49.71,193.64,01/03/2020 10:24:23,Lighter
96.63,100,45.9,193.11,01/03/2020 10:24:24,Lighter
99.53,100,42.97,237.28,01/03/2020 10:24:25,Lighter
27.67,73.63,0,193.39,01/03/2020 10:24:26,FlashLight
27.67,73.05,0,193.34,01/03/2020 10:24:27,FlashLight
27.34,72.95,0,195.93,01/03/2020 10:24:28,FlashLight
27.67,75.59,0,193.34,01/03/2020 10:24:29,FlashLight
27.34,73.73,0,125.81,01/03/2020 10:24:30,FlashLight
27.34,75.29,0,193.44,01/03/2020 10:24:31,FlashLight
27.67,76.17,0,194.3,01/03/2020 10:24:32,FlashLight
27.34,73.63,0,129.92,01/03/2020 10:24:33,FlashLight
27.67,75,0,194.69,01/03/2020 10:24:34,FlashLight
27.99,74.51,0,182.04,01/03/2020 10:24:35,FlashLight
28.63,74.9,0,193.44,01/03/2020 10:24:36,FlashLight
27.34,74.32,0,194.3,01/03/2020 10:24:37,FlashLight
27.34,74.61,0,146.28,01/03/2020 10:24:38,FlashLight
27.34,73.54,0,193.84,01/03/2020 10:24:39,FlashLight
27.34,71.48,0,193.37,01/03/2020 10:24:40,FlashLight
27.34,73.34,0,193.83,01/03/2020 10:24:41,FlashLight
27.34,73.83,0,194.31,01/03/2020 10:24:42,FlashLight
27.34,71.88,0,192.26,01/03/2020 10:24:43,FlashLight
27.67,73.24,0,193.4,01/03/2020 10:24:44,FlashLight
27.34,72.27,0,194.25,01/03/2020 10:24:45,FlashLight
27.34,71.97,0,170.5,01/03/2020 10:24:46,FlashLight
27.67,71.78,0,194.28,01/03/2020 10:24:47,FlashLight
27.34,70.31,0,194.26,01/03/2020 10:24:48,FlashLight
27.34,69.82,0,194.2,01/03/2020 10:24:49,FlashLight
27.34,70.7,0,153.31,01/03/2020 10:24:50,FlashLight
27.34,70.02,0,193.76,01/03/2020 10:24:51,FlashLight
25.41,36.52,95.41,194.03,01/03/2020 10:24:52,Infrared
25.09,35.84,95.41,194.55,01/03/2020 10:24:53,Infrared
24.77,36.62,95.41,194.16,01/03/2020 10:24:54,Infrared
25.09,35.16,95.31,194.23,01/03/2020 10:24:55,Infrared
25.41,35.06,95.12,193.43,01/03/2020 10:24:56,Infrared
25.09,35.45,94.92,193.33,01/03/2020 10:24:57,Infrared
25.09,34.86,94.92,193.4,01/03/2020 10:24:58,Infrared
25.09,35.94,94.92,193.4,01/03/2020 10:24:59,Infrared
24.77,18.55,0,400,01/03/2020 10:25:00,Day
24.12,24.9,0,193.25,01/03/2020 10:25:01,Day
24.44,24.41,0,193.72,01/03/2020 10:25:02,Day
24.44,25.49,0,193.75,01/03/2020 10:25:03,Day
24.44,25.39,0,194.58,01/03/2020 10:25:04,Day
24.44,25.49,0,194.64,01/03/2020 10:25:05,Day
24.44,25.88,0,193.79,01/03/2020 10:25:06,Day
24.44,25.98,0,194.66,01/03/2020 10:25:07,Day
27.67,76.17,0,194.3,01/03/2020 10:25:08,FlashLight
27.34,73.63,0,129.92,01/03/2020 10:25:09,FlashLight
27.67,75,0,194.69,01/03/2020 10:25:10,FlashLight
27.99,74.51,0,182.04,01/03/2020 10:25:11,FlashLight
28.63,74.9,0,193.44,01/03/2020 10:25:12,FlashLight
27.34,74.32,0,194.3,01/03/2020 10:25:13,FlashLight
27.34,74.61,0,146.28,01/03/2020 10:25:14,FlashLight
27.34,73.54,0,193.84,01/03/2020 10:25:15,FlashLight
27.34,71.48,0,193.37,01/03/2020 10:25:16,FlashLight
27.34,73.34,0,193.83,01/03/2020 10:25:17,FlashLight
27.34,73.83,0,194.31,01/03/2020 10:25:18,FlashLight
27.34,71.88,0,192.26,01/03/2020 10:25:19,FlashLight
27.67,73.24,0,193.4,01/03/2020 10:25:20,FlashLight
27.34,72.27,0,194.25,01/03/2020 10:25:21,FlashLight
27.34,71.97,0,170.5,01/03/2020 10:25:22,FlashLight
27.67,71.78,0,194.28,01/03/2020 10:25:23,FlashLight
27.34,70.31,0,194.26,01/03/2020 10:25:24,FlashLight
27.34,69.82,0,194.2,01/03/2020 10:25:25,FlashLight
27.34,70.7,0,153.31,01/03/2020 10:25:26,FlashLight
27.34,70.02,0,193.76,01/03/2020 10:25:27,FlashLight
25.41,36.52,95.41,194.03,01/03/2020 10:25:28,Infrared
25.09,35.84,95.41,194.55,01/03/2020 10:25:29,Infrared
24.77,36.62,95.41,194.16,01/03/2020 10:25:30,Infrared
25.09,35.16,95.31,194.23,01/03/2020 10:25:31,Infrared
25.41,35.06,95.12,193.43,01/03/2020 10:25:32,Infrared
25.09,35.45,94.92,193.33,01/03/2020 10:25:33,Infrared
25.09,34.86,94.92,193.4,01/03/2020 10:25:34,Infrared
25.09,35.94,94.92,193.4,01/03/2020 10:25:35,Infrared
24.44,25.49,0,193.73,01/03/2020 10:25:36,Day
24.44,25.78,0,193.69,01/03/2020 10:25:37,Day
24.44,25.68,0,194.61,01/03/2020 10:25:38,Day
24.44,25.78,0,194.62,01/03/2020 10:25:39,Day
95.66,100,42.97,194.15,01/03/2020 10:25:40,Lighter
88.9,100,42.38,193.35,01/03/2020 10:25:41,Lighter
88.25,100,42.38,193.37,01/03/2020 10:25:42,Lighter
86.96,100,39.26,193.34,01/03/2020 10:25:43,Lighter
27.34,75.78,0,193.93,01/03/2020 10:25:44,FlashLight
27.34,74.02,0,194.3,01/03/2020 10:25:45,FlashLight
30.89,26.86,94.24,400,01/03/2020 10:25:46,Infrared
30.89,24.41,93.75,20.09,01/03/2020 10:25:47,Infrared
30.89,26.76,94.14,400,01/03/2020 10:25:48,Infrared
25.09,35.74,95.12,193.72,01/03/2020 10:25:49,Infrared
25.41,36.52,95.21,193.32,01/03/2020 10:25:50,Infrared
25.09,35.74,95.02,193.76,01/03/2020 10:25:51,Infrared
101.79,100,45.9,194.48,01/03/2020 10:25:52,Lighter
98.24,100,50.68,196.29,01/03/2020 10:25:53,Lighter
95.02,100,42.38,194.23,01/03/2020 10:25:54,Lighter
24.44,25.88,0,193.78,01/03/2020 10:25:55,Day
24.44,25.98,0,194.64,01/03/2020 10:25:56,Day
24.44,26.46,0,193.75,01/03/2020 10:25:57,Day
24.44,26.46,0,193.73,01/03/2020 10:25:58,Day
24.12,25.88,0,195.05,01/03/2020 10:25:59,Day
24.44,26.56,0,193.75,01/03/2020 10:26:00,Day
24.77,25.59,0,195.03,01/03/2020 10:26:01,Day
24.77,26.46,0,194.58,01/03/2020 10:26:02,Day
132.4,100,41.31,195.23,01/03/2020 10:26:03,Lighter
115,100,43.85,195.19,01/03/2020 10:26:04,Lighter
109.52,100,49.22,194.44,01/03/2020 10:26:05,Lighter
94.05,100,49.71,193.64,01/03/2020 10:26:06,Lighter
96.63,100,45.9,193.11,01/03/2020 10:26:07,Lighter
99.53,100,42.97,237.28,01/03/2020 10:26:08,Lighter
27.67,73.63,0,193.39,01/03/2020 10:26:09,FlashLight
27.67,73.05,0,193.34,01/03/2020 10:26:10,FlashLight
27.34,72.95,0,195.93,01/03/2020 10:26:11,FlashLight
27.67,75.59,0,193.34,01/03/2020 10:26:12,FlashLight
27.34,73.73,0,125.81,01/03/2020 10:26:13,FlashLight
27.34,75.29,0,193.44,01/03/2020 10:26:14,FlashLight
24.77,11.82,0,400,01/03/2020 10:26:15,Day
25.09,12.11,0,400,01/03/2020 10:26:16,Day
25.09,12.01,0,71.82,01/03/2020 10:26:17,Day
25.09,12.11,0,400,01/03/2020 10:26:18,Day
25.09,12.01,0,79.72,01/03/2020 10:26:19,Day
24.77,12.21,0,400,01/03/2020 10:26:20,Day
25.09,11.33,0,93.64,01/03/2020 10:26:21,Day
25.09,13.09,0,400,01/03/2020 10:26:22,Day
25.09,11.91,0,83.75,01/03/2020 10:26:23,Day
24.44,11.72,0,400,01/03/2020 10:26:24,Day
25.09,12.11,0,82.12,01/03/2020 10:26:25,Day
25.09,12.3,0,400,01/03/2020 10:26:26,Day
25.09,10.94,0,82.69,01/03/2020 10:26:27,Day
25.41,11.91,0,13.28,01/03/2020 10:26:28,Day
25.09,11.04,0,400,01/03/2020 10:26:29,Day
25.41,11.82,0,14.01,01/03/2020 10:26:30,Day
25.41,11.43,0,400,01/03/2020 10:26:31,Day
25.41,11.33,0,14.38,01/03/2020 10:26:32,Day
25.09,11.82,0,400,01/03/2020 10:26:33,Day
24.77,10.74,0,6.13,01/03/2020 10:26:34,Day
25.41,9.28,0,93.85,01/03/2020 10:26:35,Day
24.77,11.91,0,400,01/03/2020 10:26:36,Day
25.09,11.91,0,83.96,01/03/2020 10:26:37,Day
25.09,12.11,0,92.82,01/03/2020 10:26:38,Day
25.09,12.11,0,400,01/03/2020 10:26:39,Day
25.09,11.82,0,77.05,01/03/2020 10:26:40,Day
25.09,12.11,0,400,01/03/2020 10:26:41,Day
25.09,12.6,0,76.37,01/03/2020 10:26:42,Day
25.09,11.91,0,400,01/03/2020 10:26:43,Day
25.09,11.13,0,77.03,01/03/2020 10:26:44,Day
25.09,12.11,0,400,01/03/2020 10:26:45,Day
25.09,11.91,0,400,01/03/2020 10:26:46,Day
25.09,13.18,0,400,01/03/2020 10:26:47,Day
25.09,11.91,0,77.33,01/03/2020 10:26:48,Day
24.77,12.5,0,400,01/03/2020 10:26:49,Day
24.77,12.3,0,79.42,01/03/2020 10:26:50,Day
25.09,12.4,0,400,01/03/2020 10:26:51,Day
25.09,11.91,0,76.89,01/03/2020 10:26:52,Day
25.09,12.11,0,400,01/03/2020 10:26:53,Day
25.09,12.3,0,86.1,01/03/2020 10:26:54,Day
24.77,13.48,0,90.42,01/03/2020 10:26:55,Day
25.09,12.11,0,400,01/03/2020 10:26:56,Day
25.09,12.21,0,90.17,01/03/2020 10:26:57,Day
24.77,12.4,0,400,01/03/2020 10:26:58,Day
24.77,11.43,0,88.91,01/03/2020 10:26:59,Day
25.09,12.99,0,97.13,01/03/2020 10:27:00,Day
25.09,12.3,0,400,01/03/2020 10:27:01,Day
25.09,12.11,0,73.87,01/03/2020 10:27:02,Day
25.09,12.3,0,400,01/03/2020 10:27:03,Day
25.09,12.21,0,91.58,01/03/2020 10:27:04,Day
25.09,12.11,0,400,01/03/2020 10:27:05,Day
25.09,12.01,0,90.06,01/03/2020 10:27:06,Day
25.09,12.3,0,96.48,01/03/2020 10:27:07,Day
25.09,12.21,0,96.35,01/03/2020 10:27:08,Day
25.09,12.4,0,400,01/03/2020 10:27:09,Day
25.09,12.01,0,79.96,01/03/2020 10:27:10,Day
24.44,12.4,0,400,01/03/2020 10:27:11,Day
24.77,12.5,0,82.07,01/03/2020 10:27:12,Day
25.09,12.6,0,89.71,01/03/2020 10:27:13,Day
25.09,12.5,0,400,01/03/2020 10:27:14,Day
24.77,12.5,0,60.24,01/03/2020 10:27:15,Day
24.77,17.48,0,400,01/03/2020 10:27:16,Day
24.77,8.2,0,70.65,01/03/2020 10:27:17,Day
25.09,12.4,0,400,01/03/2020 10:27:18,Day
25.09,12.79,0,88.81,01/03/2020 10:27:19,Day
25.09,12.6,0,400,01/03/2020 10:27:20,Day
25.09,12.3,0,88.66,01/03/2020 10:27:21,Day
24.77,12.6,0,91.63,01/03/2020 10:27:22,Day
24.44,12.6,0,89.11,01/03/2020 10:27:23,Day
24.77,14.06,0,97.01,01/03/2020 10:27:24,Day
24.77,13.96,0,89.89,01/03/2020 10:27:25,Day
25.09,12.89,0,88.66,01/03/2020 10:27:26,Day
56.03,100,95.31,400,01/03/2020 10:27:27,Lighter
60.21,100,95.21,43.15,01/03/2020 10:27:28,Lighter
53.77,100,95.21,400,01/03/2020 10:27:29,Lighter
47.32,100,95.31,5.85,01/03/2020 10:27:30,Lighter
50.87,100,95.31,400,01/03/2020 10:27:31,Lighter
73.11,100,93.46,345.92,01/03/2020 10:27:32,Lighter
65.05,100,92.97,400,01/03/2020 10:27:33,Lighter
47.97,100,93.26,46.13,01/03/2020 10:27:34,Lighter
50.87,100,95.12,400,01/03/2020 10:27:35,Lighter
33.79,100,93.55,43.89,01/03/2020 10:27:36,Lighter
34.43,100,94.43,44.04,01/03/2020 10:27:37,Lighter
32.82,100,95.02,400,01/03/2020 10:27:38,Lighter
55.7,100,94.92,42.46,01/03/2020 10:27:39,Lighter
34.11,100,94.43,44.79,01/03/2020 10:27:40,Lighter
35.08,100,91.5,400,01/03/2020 10:27:41,Lighter
36.37,100,93.16,46.56,01/03/2020 10:27:42,Lighter
36.37,100,93.65,400,01/03/2020 10:27:43,Lighter
76.65,100,95.31,41.3,01/03/2020 10:27:44,Lighter
76.65,100,93.36,400,01/03/2020 10:27:45,Lighter
69.56,100,94.63,7.91,01/03/2020 10:27:46,Lighter
58.6,100,95.21,400,01/03/2020 10:27:47,Lighter
74.07,100,94.34,400,01/03/2020 10:27:48,Lighter
42.81,100,93.26,5.8,01/03/2020 10:27:49,Lighter
100.82,100,95.61,45.92,01/03/2020 10:27:50,Lighter
56.03,100,92.29,400,01/03/2020 10:27:51,Lighter
32.18,100,95.31,42.94,01/03/2020 10:27:52,Lighter
47.97,100,94.43,48.57,01/03/2020 10:27:53,Lighter
81.48,100,93.46,400,01/03/2020 10:27:54,Lighter
55.7,100,94.82,400,01/03/2020 10:27:55,Lighter
61.5,100,95.21,7.1,01/03/2020 10:27:56,Lighter
37.98,100,94.53,400,01/03/2020 10:27:57,Lighter
49.26,100,95.02,56.17,01/03/2020 10:27:58,Lighter
35.08,100,93.55,400,01/03/2020 10:27:59,Lighter
32.18,100,94.53,7.96,01/03/2020 10:28:00,Lighter
36.04,100,91.89,400,01/03/2020 10:28:01,Lighter
35.72,100,91.7,41.84,01/03/2020 10:28:02,Lighter
36.37,100,94.92,46.4,01/03/2020 10:28:03,Lighter
38.95,100,95.12,400,01/03/2020 10:28:04,Lighter
33.47,100,92.58,8.4,01/03/2020 10:28:05,Lighter
35.08,100,94.04,400,01/03/2020 10:28:06,Lighter
34.11,100,92.38,7.16,01/03/2020 10:28:07,Lighter
50.55,100,91.21,400,01/03/2020 10:28:08,Lighter
108.55,100,93.16,400,01/03/2020 10:28:09,Lighter
90.83,100,92.48,42,01/03/2020 10:28:10,Lighter
66.98,100,93.07,400,01/03/2020 10:28:11,Lighter
65.37,100,93.16,59.14,01/03/2020 10:28:12,Lighter
85.67,100,92.38,40.68,01/03/2020 10:28:13,Lighter
36.37,100,94.92,42.18,01/03/2020 10:28:14,Lighter
97.28,100,93.26,400,01/03/2020 10:28:15,Lighter
74.72,100,95.02,400,01/03/2020 10:28:16,Lighter
68.59,100,94.92,42.18,01/03/2020 10:28:17,Lighter
95.34,100,94.73,7.9,01/03/2020 10:28:18,Lighter
89.54,100,95.31,400,01/03/2020 10:28:19,Lighter
48.94,100,93.26,7.56,01/03/2020 10:28:20,Lighter
90.19,100,95.41,400,01/03/2020 10:28:21,Lighter
82.77,100,94.14,6.25,01/03/2020 10:28:22,Lighter
73.43,100,95.31,400,01/03/2020 10:28:23,Lighter
47.32,100,94.34,41.55,01/03/2020 10:28:24,Lighter
32.5,4.59,0,400,01/03/2020 10:28:25,Day
32.5,4.49,0,51.67,01/03/2020 10:28:26,Day
32.18,25.1,0,400,01/03/2020 10:28:27,Day
32.5,19.43,0,49.02,01/03/2020 10:28:28,Day
32.18,54.3,0,52.13,01/03/2020 10:28:29,Day
32.18,54.39,0,400,01/03/2020 10:28:30,FlashLight
32.18,55.37,0,63.61,01/03/2020 10:28:31,FlashLight
32.5,53.52,0,400,01/03/2020 10:28:32,FlashLight
32.5,52.44,0,50.44,01/03/2020 10:28:33,FlashLight
32.5,54.88,0,400,01/03/2020 10:28:34,FlashLight
32.18,52.05,0,50.82,01/03/2020 10:28:35,FlashLight
32.18,33.11,0,400,01/03/2020 10:28:36,FlashLight
32.5,59.57,0,21.35,01/03/2020 10:28:37,FlashLight
56.99,100,0,51.01,01/03/2020 10:28:38,FlashLight
32.18,42.97,0,400,01/03/2020 10:28:39,FlashLight
32.5,42.29,0,47.8,01/03/2020 10:28:40,FlashLight
32.18,46.19,0,50.02,01/03/2020 10:28:41,FlashLight
32.18,37.11,0,49.91,01/03/2020 10:28:42,FlashLight
32.5,57.03,0,400,01/03/2020 10:28:43,FlashLight
32.5,94.14,0,49.1,01/03/2020 10:28:44,FlashLight
34.11,82.81,0,53.59,01/03/2020 10:28:45,FlashLight
32.5,100,0,400,01/03/2020 10:28:46,FlashLight
32.5,36.82,0,23.36,01/03/2020 10:28:47,FlashLight
34.11,100,0,400,01/03/2020 10:28:48,FlashLight
32.18,33.59,0,22.17,01/03/2020 10:28:49,FlashLight
34.11,100,0,400,01/03/2020 10:28:50,FlashLight
32.18,42.29,0,25.41,01/03/2020 10:28:51,FlashLight
32.5,100,0,400,01/03/2020 10:28:52,FlashLight
32.5,34.67,0,49.57,01/03/2020 10:28:53,FlashLight
32.5,88.38,0,400,01/03/2020 10:28:54,FlashLight
32.18,48.24,0,22.17,01/03/2020 10:28:55,FlashLight
32.18,61.13,0,400,01/03/2020 10:28:56,FlashLight
32.18,68.46,0,28.33,01/03/2020 10:28:57,FlashLight
32.18,57.81,0,61.76,01/03/2020 10:28:58,FlashLight
32.5,95.31,0,400,01/03/2020 10:28:59,FlashLight
32.18,97.56,0,19.49,01/03/2020 10:29:00,FlashLight
32.5,74.41,0,57.95,01/03/2020 10:29:01,FlashLight
32.18,80.57,0,400,01/03/2020 10:29:02,FlashLight
32.5,88.28,0,60.42,01/03/2020 10:29:03,FlashLight
32.5,75.78,0,400,01/03/2020 10:29:04,FlashLight
32.18,58.2,0,20.8,01/03/2020 10:29:05,FlashLight
32.5,64.84,0,400,01/03/2020 10:29:06,FlashLight
32.5,85.84,0,62.4,01/03/2020 10:29:07,FlashLight
32.5,73.14,0,64.25,01/03/2020 10:29:08,FlashLight
32.5,91.31,0,64.26,01/03/2020 10:29:09,FlashLight
32.5,90.04,0,64.47,01/03/2020 10:29:10,FlashLight
32.5,79.79,0,64.22,01/03/2020 10:29:11,FlashLight
32.5,98.14,0,65.32,01/03/2020 10:29:12,FlashLight
32.5,72.07,0,64.47,01/03/2020 10:29:13,FlashLight
32.5,60.55,0,63.72,01/03/2020 10:29:14,FlashLight
32.5,63.96,0,64.98,01/03/2020 10:29:15,FlashLight
32.5,70.7,0,400,01/03/2020 10:29:16,FlashLight
32.5,64.94,0,17.1,01/03/2020 10:29:17,FlashLight
32.5,85.84,0,66.43,01/03/2020 10:29:18,FlashLight
32.5,85.16,0,66.31,01/03/2020 10:29:19,FlashLight
32.5,73.93,0,66.92,01/03/2020 10:29:20,FlashLight
32.5,76.76,0,65.67,01/03/2020 10:29:21,FlashLight
32.5,72.27,0,66.87,01/03/2020 10:29:22,FlashLight
32.5,69.24,0,65.89,01/03/2020 10:29:23,FlashLight
32.5,86.33,0,400,01/03/2020 10:29:24,FlashLight
32.18,78.81,0,19.25,01/03/2020 10:29:25,FlashLight
32.5,85.84,0,400,01/03/2020 10:29:26,FlashLight
32.18,100,0,16.5,01/03/2020 10:29:27,FlashLight
32.5,100,0,65.28,01/03/2020 10:29:28,FlashLight
32.5,72.07,0,66.73,01/03/2020 10:29:29,FlashLight
32.5,100,0,66.92,01/03/2020 10:29:30,FlashLight
32.5,79.69,0,65.26,01/03/2020 10:29:31,FlashLight
32.5,60.64,0,66.07,01/03/2020 10:29:32,FlashLight
32.5,91.41,0,66.28,01/03/2020 10:29:33,FlashLight
32.18,65.72,0,400,01/03/2020 10:29:34,FlashLight
32.5,61.33,0,22.83,01/03/2020 10:29:35,FlashLight
32.5,56.93,0,400,01/03/2020 10:29:36,FlashLight
32.5,43.65,0,15.9,01/03/2020 10:29:37,FlashLight
32.18,95.02,0,400,01/03/2020 10:29:38,FlashLight
32.18,71.48,0,13.73,01/03/2020 10:29:39,FlashLight
32.18,73.54,0,70.2,01/03/2020 10:29:40,FlashLight
32.18,72.66,0,400,01/03/2020 10:29:41,FlashLight
31.86,60.06,0,61.42,01/03/2020 10:29:42,FlashLight
31.86,56.35,0,61.91,01/03/2020 10:29:43,FlashLight
34.43,100,0,400,01/03/2020 10:29:44,FlashLight
34.43,100,0,61.46,01/03/2020 10:29:45,FlashLight
52.8,100,0,57.4,01/03/2020 10:29:46,FlashLight
41.2,100,0,59.4,01/03/2020 10:29:47,FlashLight
36.37,100,0,400,01/03/2020 10:29:48,FlashLight
67.63,100,0,49.92,01/03/2020 10:29:49,FlashLight
52.8,100,0,56.12,01/03/2020 10:29:50,FlashLight
46.68,100,0,400,01/03/2020 10:29:51,FlashLight
33.14,100,0,55.43,01/03/2020 10:29:52,FlashLight
32.5,100,0,400,01/03/2020 10:29:53,FlashLight
32.5,82.81,0,55.49,01/03/2020 10:29:54,FlashLight
32.5,83.69,0,58.3,01/03/2020 10:29:55,FlashLight
32.18,100,0,400,01/03/2020 10:29:56,FlashLight
32.5,100,0,56.06,01/03/2020 10:29:57,FlashLight
32.5,50.78,0,400,01/03/2020 10:29:58,FlashLight
32.5,72.75,0,348.63,01/03/2020 10:29:59,FlashLight
32.18,39.55,0,56.85,01/03/2020 10:30:00,FlashLight
31.86,42.68,0,61.78,01/03/2020 10:30:01,FlashLight
32.82,64.55,0,54.29,01/03/2020 10:30:02,FlashLight
32.82,89.06,0,54.26,01/03/2020 10:30:03,FlashLight
32.5,54.39,0,59.16,01/03/2020 10:30:04,FlashLight
32.5,54.79,0,59.11,01/03/2020 10:30:05,FlashLight
32.18,12.5,18.75,59.74,01/03/2020 10:30:06,Infrared
32.18,22.85,93.65,61.23,01/03/2020 10:30:07,Infrared
32.18,27.05,93.55,60.14,01/03/2020 10:30:08,Infrared
32.18,18.46,93.55,400,01/03/2020 10:30:09,Infrared
32.5,34.47,92.38,56.79,01/03/2020 10:30:10,Infrared
32.5,31.54,81.64,400,01/03/2020 10:30:11,Infrared
32.18,35.94,86.04,57.69,01/03/2020 10:30:12,Infrared
32.18,27.25,94.04,400,01/03/2020 10:30:13,Infrared
30.24,23.83,27.44,59.15,01/03/2020 10:30:14,Infrared
32.18,17.19,28.71,60.36,01/03/2020 10:30:15,Infrared
32.18,12.89,41.31,59.06,01/03/2020 10:30:16,Infrared
30.24,64.16,85.45,60.02,01/03/2020 10:30:17,Infrared
32.18,15.04,68.55,59.97,01/03/2020 10:30:18,Infrared
32.18,8.59,2.44,60.75,01/03/2020 10:30:19,Infrared
30.24,21.97,91.8,60.46,01/03/2020 10:30:20,Infrared
32.18,11.72,15.43,60.87,01/03/2020 10:30:21,Infrared
30.24,29.1,39.06,400,01/03/2020 10:30:22,Infrared
30.24,10.25,49.12,57.06,01/03/2020 10:30:23,Infrared
32.18,24.61,28.81,61.26,01/03/2020 10:30:24,Infrared
30.24,11.13,49.02,61.88,01/03/2020 10:30:25,Infrared
30.24,20.51,31.84,400,01/03/2020 10:30:26,Infrared
30.24,24.32,30.57,59.85,01/03/2020 10:30:27,Infrared
32.18,31.74,43.75,400,01/03/2020 10:30:28,Infrared
32.18,11.72,19.43,19.16,01/03/2020 10:30:29,Infrared
30.24,11.72,15.53,400,01/03/2020 10:30:30,Infrared
30.57,25.78,29.3,57.5,01/03/2020 10:30:31,Infrared
30.24,33.89,23.24,61.67,01/03/2020 10:30:32,Infrared
29.92,25.39,31.64,60.43,01/03/2020 10:30:33,Infrared
30.24,31.35,32.32,60.4,01/03/2020 10:30:34,Infrared
29.92,30.08,31.93,60.96,01/03/2020 10:30:35,Infrared
29.92,20.61,32.32,59.7,01/03/2020 10:30:36,Infrared
32.5,16.11,30.86,61.79,01/03/2020 10:30:37,Infrared
30.24,32.81,22.56,400,01/03/2020 10:30:38,Infrared
30.24,28.52,25.68,57.68,01/03/2020 10:30:39,Infrared
30.24,31.64,0.1,400,01/03/2020 10:30:40,Infrared
31.21,36.33,14.94,58.61,01/03/2020 10:30:41,Infrared
29.92,30.18,26.07,400,01/03/2020 10:30:42,Infrared
29.6,10.06,26.17,57.48,01/03/2020 10:30:43,Infrared
29.92,14.36,43.16,60.86,01/03/2020 10:30:44,Infrared
30.24,46.29,25.68,400,01/03/2020 10:30:45,Infrared
29.92,33.01,34.28,17.91,01/03/2020 10:30:46,Infrared
32.18,35.35,30.86,400,01/03/2020 10:30:47,Infrared
29.92,23.63,29.69,61.05,01/03/2020 10:30:48,Infrared
32.18,25.49,31.15,400,01/03/2020 10:30:49,Infrared
30.24,29.2,21.88,57.16,01/03/2020 10:30:50,Infrared
29.92,30.08,26.95,400,01/03/2020 10:30:51,Infrared
30.24,44.53,27.73,58.95,01/03/2020 10:30:52,Infrared
30.24,35.94,11.72,62.67,01/03/2020 10:30:53,Infrared
32.18,35.64,26.95,400,01/03/2020 10:30:54,Infrared
29.92,35.06,2.93,19.5,01/03/2020 10:30:55,Infrared
29.92,27.44,24.22,400,01/03/2020 10:30:56,Infrared
30.24,26.56,23.24,60.46,01/03/2020 10:30:57,Infrared
32.18,7.13,0,74.44,01/03/2020 10:30:58,Day
32.18,6.35,0,400,01/03/2020 10:30:59,Day
31.86,4.69,0,75.16,01/03/2020 10:31:00,Day
32.5,4.59,0,400,01/03/2020 10:31:01,Day
32.18,6.15,0,74.23,01/03/2020 10:31:02,Day
32.18,5.27,0,400,01/03/2020 10:31:03,Day
31.86,4.98,0,75.63,01/03/2020 10:31:04,Day
32.18,7.03,0,400,01/03/2020 10:31:05,Day
32.18,6.64,0,76.97,01/03/2020 10:31:06,Day
32.18,4.69,0,400,01/03/2020 10:31:07,Day
32.18,4.79,0,89.66,01/03/2020 10:31:08,Day
32.18,5.86,0,400,01/03/2020 10:31:09,Day
32.18,6.64,0,89.87,01/03/2020 10:31:10,Day
32.18,6.74,0,400,01/03/2020 10:31:11,Day
32.18,5.08,0,68.01,01/03/2020 10:31:12,Day
32.18,4.98,0,400,01/03/2020 10:31:13,Day
32.18,4.59,0,72.21,01/03/2020 10:31:14,Day
32.18,4.98,0,19.46,01/03/2020 10:31:15,Day
32.18,4.2,0,400,01/03/2020 10:31:16,Day
32.18,5.37,0,34.96,01/03/2020 10:31:17,Day
32.18,4.79,0,400,01/03/2020 10:31:18,Day
32.18,5.37,0,34.18,01/03/2020 10:31:19,Day
32.18,7.32,0,29.68,01/03/2020 10:31:20,Day
32.18,6.25,0,400,01/03/2020 10:31:21,Day
32.18,5.18,0,33.7,01/03/2020 10:31:22,Day
32.18,6.15,0,400,01/03/2020 10:31:23,Day
32.18,6.93,0,23.32,01/03/2020 10:31:24,Day
32.18,4.88,0,24.53,01/03/2020 10:31:25,Day
32.18,4.88,0,400,01/03/2020 10:31:26,Day
32.18,6.84,0,28.69,01/03/2020 10:31:27,Day
32.18,4.98,0,28.04,01/03/2020 10:31:28,Day
32.18,5.37,0,400,01/03/2020 10:31:29,Day
32.18,4.49,0,74.86,01/03/2020 10:31:30,Day
32.18,6.84,0,400,01/03/2020 10:31:31,Day
32.18,5.18,0,72.81,01/03/2020 10:31:32,Day
24.82,6.54,0,400,01/03/2020 10:31:33,Day
24.5,8.11,0,400,01/03/2020 10:31:34,Day
24.86,7.03,0,400,01/03/2020 10:31:35,Day
107.59,100,3.46,4.28,01/03/2020 10:31:36,Lighter
109.2,100,4.92,4.28,01/03/2020 10:31:37,Lighter
110.49,100,5.02,5.73,01/03/2020 10:31:38,Lighter
25.21,33.69,94.63,19.56,01/03/2020 10:31:39,Infrared
25.89,24.51,93.75,18.08,01/03/2020 10:31:40,Infrared
25.89,27.83,93.07,19.04,01/03/2020 10:31:41,Infrared
25.14,48.05,0,9.89,01/03/2020 10:31:42,FlashLight
25.82,48.05,0,9.85,01/03/2020 10:31:43,FlashLight
25.14,49.32,0,9.84,01/03/2020 10:31:44,FlashLight
25.63,4.2,0,154.49,01/03/2020 10:31:45,Day
25.63,4.1,0,153.6,01/03/2020 10:31:46,Day
25.57,100,96.48,152.28,01/03/2020 10:31:47,Lighter
24.28,100,95.9,152.3,01/03/2020 10:31:48,Lighter
24.38,18.26,94.04,154.89,01/03/2020 10:31:49,Infrared
24.38,19.73,95.21,21.85,01/03/2020 10:31:50,Infrared
24.28,6.54,0,153.22,01/03/2020 10:31:51,FlashLight
24.28,6.35,0,154.08,01/03/2020 10:31:52,FlashLight
23.63,4.1,0,154.09,01/03/2020 10:31:53,Day
23.63,4.2,0,155.3,01/03/2020 10:31:54,Day
23.96,4.1,0,154.09,01/03/2020 10:31:55,Day
52.16,100,94.53,400,01/03/2020 10:31:56,Lighter
36.37,100,93.55,7.52,01/03/2020 10:31:57,Lighter
32.18,55.08,94.34,400,01/03/2020 10:31:58,Lighter
75.68,100,94.63,65.17,01/03/2020 10:31:59,Lighter
44.75,88.77,94.92,400,01/03/2020 10:32:00,Lighter
36.37,100,95.12,59.09,01/03/2020 10:32:01,Lighter
119.51,100,95.8,345.43,01/03/2020 10:32:02,Lighter
91.15,100,95.51,346.16,01/03/2020 10:32:03,Lighter
88.9,100,95.41,400,01/03/2020 10:32:04,Lighter
63.12,100,95.51,400,01/03/2020 10:32:05,Lighter
102.43,100,93.65,4.19,01/03/2020 10:32:06,Lighter
153.35,100,94.82,400,01/03/2020 10:32:07,Lighter
157.22,100,94.53,60.76,01/03/2020 10:32:08,Lighter
89.22,100,93.07,400,01/03/2020 10:32:09,Lighter
32.5,100,95.21,400,01/03/2020 10:32:10,Lighter
81.81,100,93.65,60.81,01/03/2020 10:32:11,Lighter
61.83,100,91.02,400,01/03/2020 10:32:12,Lighter
96.31,100,91.41,9.47,01/03/2020 10:32:13,Lighter
32.5,100,93.36,400,01/03/2020 10:32:14,Lighter
35.4,100,92.68,69.76,01/03/2020 10:32:15,Lighter
35.4,100,95.31,400,01/03/2020 10:32:16,Lighter
36.69,100,95.21,69.47,01/03/2020 10:32:17,Lighter
36.37,100,95.21,400,01/03/2020 10:32:18,Lighter
43.13,100,92.97,72.25,01/03/2020 10:32:19,Lighter
36.69,100,92.58,70.73,01/03/2020 10:32:20,Lighter
53.12,100,93.95,400,01/03/2020 10:32:21,Lighter
45.07,100,95.41,400,01/03/2020 10:32:22,Lighter
36.04,100,92.77,7.91,01/03/2020 10:32:23,Lighter
37.01,100,92.87,400,01/03/2020 10:32:24,Lighter
36.04,100,67.09,6.76,01/03/2020 10:32:25,Lighter
36.69,100,95.41,400,01/03/2020 10:32:26,Lighter
34.76,100,94.04,10.77,01/03/2020 10:32:27,Lighter
34.43,100,93.95,400,01/03/2020 10:32:28,Lighter
33.47,100,95.41,400,01/03/2020 10:32:29,Lighter
37.33,100,95.41,6.76,01/03/2020 10:32:30,Lighter
33.14,100,95.21,400,01/03/2020 10:32:31,Lighter
37.01,100,94.53,400,01/03/2020 10:32:32,Lighter
35.72,100,95.31,400,01/03/2020 10:32:33,Lighter
31.53,59.86,0,25.22,01/03/2020 10:32:34,FlashLight
32.5,61.62,0,25.47,01/03/2020 10:32:35,FlashLight
32.5,72.66,0,400,01/03/2020 10:32:36,FlashLight
32.5,54.69,0,58.89,01/03/2020 10:32:37,FlashLight
32.5,36.82,0,400,01/03/2020 10:32:38,FlashLight
32.5,83.01,0,24.47,01/03/2020 10:32:39,FlashLight
32.5,60.64,0,400,01/03/2020 10:32:40,FlashLight
32.5,56.74,0,35.34,01/03/2020 10:32:41,FlashLight
32.18,32.23,0,31.24,01/03/2020 10:32:42,FlashLight
32.5,48.83,0,400,01/03/2020 10:32:43,FlashLight
32.5,28.32,0,30.7,01/03/2020 10:32:44,FlashLight
32.18,41.6,0,61,01/03/2020 10:32:45,FlashLight
32.18,50.29,0,400,01/03/2020 10:32:46,FlashLight
32.18,42.58,0,58.1,01/03/2020 10:32:47,FlashLight
31.21,59.08,0,61.92,01/03/2020 10:32:48,FlashLight
31.86,29.39,0,60.21,01/03/2020 10:32:49,FlashLight
31.21,48.83,0,60.7,01/03/2020 10:32:50,FlashLight
31.86,45.12,0,400,01/03/2020 10:32:51,FlashLight
31.86,68.75,0,27.28,01/03/2020 10:32:52,FlashLight
31.21,63.77,0,400,01/03/2020 10:32:53,FlashLight
32.18,50,0,43.43,01/03/2020 10:32:54,FlashLight
31.53,86.72,0,400,01/03/2020 10:32:55,FlashLight
30.89,52.44,0,24.33,01/03/2020 10:32:56,FlashLight
31.86,48.54,0,61.12,01/03/2020 10:32:57,FlashLight
31.86,66.8,0,400,01/03/2020 10:32:58,FlashLight
31.86,85.06,0,25.27,01/03/2020 10:32:59,FlashLight
31.21,34.67,0,400,01/03/2020 10:33:00,FlashLight
30.89,73.44,0,24.32,01/03/2020 10:33:01,FlashLight
31.86,53.61,0,60.21,01/03/2020 10:33:02,FlashLight
31.21,70.7,0,400,01/03/2020 10:33:03,FlashLight
31.86,50.39,0,26.73,01/03/2020 10:33:04,FlashLight
31.86,49.12,0,400,01/03/2020 10:33:05,FlashLight
31.86,60.16,0,28.38,01/03/2020 10:33:06,FlashLight
32.5,52.83,0,400,01/03/2020 10:33:07,FlashLight
31.86,27.93,0,25.62,01/03/2020 10:33:08,FlashLight
32.18,17.68,0,59.21,01/03/2020 10:33:09,FlashLight
31.21,33.89,0,400,01/03/2020 10:33:10,FlashLight
31.21,32.42,0,23.01,01/03/2020 10:33:11,FlashLight
31.21,37.99,0,400,01/03/2020 10:33:12,FlashLight
31.21,42.58,0,19.6,01/03/2020 10:33:13,FlashLight
31.86,9.57,0,59.47,01/03/2020 10:33:14,FlashLight
31.21,5.47,0,60.47,01/03/2020 10:33:15,FlashLight
31.21,60.16,0,60.46,01/03/2020 10:33:16,FlashLight
31.21,56.64,0,400,01/03/2020 10:33:17,FlashLight
31.86,100,0,20.1,01/03/2020 10:33:18,FlashLight
32.18,78.91,0,400,01/03/2020 10:33:19,FlashLight
32.18,100,0,57.64,01/03/2020 10:33:20,FlashLight
31.53,71.09,0,400,01/03/2020 10:33:21,FlashLight
32.18,69.53,0,61.2,01/03/2020 10:33:22,FlashLight
31.21,72.27,0,400,01/03/2020 10:33:23,FlashLight
31.53,68.07,0,59.49,01/03/2020 10:33:24,FlashLight
31.86,57.52,0,400,01/03/2020 10:33:25,FlashLight
31.53,78.03,0,57.68,01/03/2020 10:33:26,FlashLight
31.86,65.82,0,400,01/03/2020 10:33:27,FlashLight
32.18,58.2,0,61.42,01/03/2020 10:33:28,FlashLight
30.89,74.41,0,400,01/03/2020 10:33:29,FlashLight
32.18,52.64,0,59.05,01/03/2020 10:33:30,FlashLight
31.21,87.5,0,61.45,01/03/2020 10:33:31,FlashLight
31.21,55.08,0,64.37,01/03/2020 10:33:32,FlashLight
31.86,100,0,400,01/03/2020 10:33:33,FlashLight
31.21,74.9,0,20.44,01/03/2020 10:33:34,FlashLight
31.21,69.14,0,400,01/03/2020 10:33:35,FlashLight
31.21,58.69,0,22.4,01/03/2020 10:33:36,FlashLight
31.86,68.46,0,60.77,01/03/2020 10:33:37,FlashLight
31.53,71.58,0,400,01/03/2020 10:33:38,FlashLight
31.21,77.83,0,58.82,01/03/2020 10:33:39,FlashLight
32.18,55.86,0,400,01/03/2020 10:33:40,FlashLight
31.86,83.69,0,22.42,01/03/2020 10:33:41,FlashLight
32.18,64.16,0,64.48,01/03/2020 10:33:42,FlashLight
32.5,19.34,91.31,400,01/03/2020 10:33:43,Infrared
32.5,28.52,43.85,52.37,01/03/2020 10:33:44,Infrared
30.24,41.7,93.65,400,01/03/2020 10:33:45,Infrared
30.24,11.52,1.95,54.18,01/03/2020 10:33:46,Infrared
30.24,5.18,0,400,01/03/2020 10:33:47,Infrared
32.5,50.88,57.81,52.51,01/03/2020 10:33:48,Infrared
32.5,37.89,71.09,400,01/03/2020 10:33:49,Infrared
32.5,12.6,76.46,53.76,01/03/2020 10:33:50,Infrared
30.24,33.59,36.82,400,01/03/2020 10:33:51,Infrared
32.5,25,33.89,56.2,01/03/2020 10:33:52,Infrared
30.24,63.96,93.46,400,01/03/2020 10:33:53,Infrared
32.5,22.75,89.94,56.2,01/03/2020 10:33:54,Infrared
30.24,58.69,92.97,59.69,01/03/2020 10:33:55,Infrared
30.24,55.57,50.68,400,01/03/2020 10:33:56,Infrared
30.24,54.2,0,55.05,01/03/2020 10:33:57,Infrared
30.24,34.77,0,400,01/03/2020 10:33:58,Infrared
30.24,44.53,10.74,55.44,01/03/2020 10:33:59,Infrared
32.5,27.44,33.69,400,01/03/2020 10:34:00,Infrared
32.18,48.54,26.37,54.62,01/03/2020 10:34:01,Infrared
30.24,29.3,60.55,400,01/03/2020 10:34:02,Infrared
32.18,32.23,46.09,56.59,01/03/2020 10:34:03,Infrared
32.18,24.9,37.5,400,01/03/2020 10:34:04,Infrared
32.5,28.81,8.98,56.18,01/03/2020 10:34:05,Infrared
32.5,52.83,21.78,400,01/03/2020 10:34:06,Infrared
30.24,26.17,46.29,57.48,01/03/2020 10:34:07,Infrared
30.24,21.78,65.92,400,01/03/2020 10:34:08,Infrared
30.24,41.89,12.5,57.2,01/03/2020 10:34:09,Infrared
30.24,29.69,46.88,400,01/03/2020 10:34:10,Infrared
32.18,38.67,20.61,59,01/03/2020 10:34:11,Infrared
30.24,31.64,42.19,400,01/03/2020 10:34:12,Infrared
32.18,32.23,30.86,57.72,01/03/2020 10:34:13,Infrared
32.18,29.59,43.85,400,01/03/2020 10:34:14,Infrared
32.18,30.96,48.63,60.05,01/03/2020 10:34:15,Infrared
30.24,27.05,33.2,400,01/03/2020 10:34:16,Infrared
30.24,27.34,35.84,60.11,01/03/2020 10:34:17,Infrared
30.24,26.27,32.42,400,01/03/2020 10:34:18,Infrared
30.24,18.65,36.72,60.04,01/03/2020 10:34:19,Infrared
32.18,30.08,49.22,400,01/03/2020 10:34:20,Infrared
30.24,30.96,38.18,57.5,01/03/2020 10:34:21,Infrared
30.24,32.71,12.11,400,01/03/2020 10:34:22,Infrared
32.18,38.96,16.31,55.94,01/03/2020 10:34:23,Infrared
32.18,29.79,49.61,61.57,01/03/2020 10:34:24,Infrared
30.24,41.31,13.87,400,01/03/2020 10:34:25,Infrared
32.18,6.64,0,61.62,01/03/2020 10:34:26,Day
32.18,4.39,0,400,01/03/2020 10:34:27,Day
32.18,6.05,0,57.05,01/03/2020 10:34:28,Day
32.18,5.86,0,400,01/03/2020 10:34:29,Day
32.18,5.76,0,65.73,01/03/2020 10:34:30,Day
32.18,6.64,0,400,01/03/2020 10:34:31,Day
32.18,6.45,0,65.68,01/03/2020 10:34:32,Day
32.18,6.15,0,400,01/03/2020 10:34:33,Day
32.18,4.39,0,63.57,01/03/2020 10:34:34,Day
32.18,5.76,0,400,01/03/2020 10:34:35,Day
32.18,5.27,0,66.38,01/03/2020 10:34:36,Day
32.18,6.64,0,75.12,01/03/2020 10:34:37,Day
32.18,6.64,0,73.76,01/03/2020 10:34:38,Day
32.18,4.98,0,73.51,01/03/2020 10:34:39,Day
32.18,6.05,0,74.18,01/03/2020 10:34:40,Day
32.18,6.25,0,400,01/03/2020 10:34:41,Day
32.18,4.69,0,65.37,01/03/2020 10:34:42,Day
32.18,6.25,0,400,01/03/2020 10:34:43,Day
32.18,4.3,0,67.65,01/03/2020 10:34:44,Day
32.18,6.25,0,400,01/03/2020 10:34:45,Day
32.18,4.39,0,66.49,01/03/2020 10:34:46,Day
32.18,4.3,0,70.24,01/03/2020 10:34:47,Day
32.18,6.54,0,82.61,01/03/2020 10:34:48,Day
32.18,4.49,0,400,01/03/2020 10:34:49,Day
32.18,4.1,0,66.13,01/03/2020 10:34:50,Day
32.18,5.18,0,76.24,01/03/2020 10:34:51,Day
32.18,6.25,0,76.22,01/03/2020 10:34:52,Day
32.18,4.98,0,75.65,01/03/2020 10:34:53,Day
32.18,4.69,0,75.87,01/03/2020 10:34:54,Day
32.18,5.66,0,75.56,01/03/2020 10:34:55,Day
32.18,4.39,0,76.43,01/03/2020 10:34:56,Day
32.18,6.64,0,75.72,01/03/2020 10:34:57,Day
32.18,4.1,0,67.74,01/03/2020 10:34:58,Day
32.18,4.88,0,400,01/03/2020 10:34:59,Day
32.18,6.64,0,65.42,01/03/2020 10:35:00,Day
32.18,4.49,0,400,01/03/2020 10:35:01,Day
32.18,5.96,0,70.36,01/03/2020 10:35:02,Day
32.18,5.08,0,75.81,01/03/2020 10:35:03,Day
32.18,4.49,0,75.33,01/03/2020 10:35:04,Day
32.18,6.54,0,78.08,01/03/2020 10:35:05,Day
32.18,5.08,0,78.02,01/03/2020 10:35:06,Day
32.18,4.98,0,78.92,01/03/2020 10:35:07,Day
32.18,5.76,0,78.88,01/03/2020 10:35:08,Day
32.18,6.05,0,78.93,01/03/2020 10:35:09,Day
32.18,5.86,0,77.67,01/03/2020 10:35:10,Day
32.18,4.2,0,71.72,01/03/2020 10:35:11,Day
32.18,6.35,0,400,01/03/2020 10:35:12,Day
31.86,4.2,0,67,01/03/2020 10:35:13,Day
32.18,4.39,0,75.51,01/03/2020 10:35:14,Day
32.18,7.62,0,400,01/03/2020 10:35:15,Day
32.5,5.96,0,400,01/03/2020 10:35:16,Day
32.18,5.57,0,400,01/03/2020 10:35:17,Day
32.18,18.16,0,107.1,01/03/2020 10:35:18,Day
32.18,14.55,0,400,01/03/2020 10:35:19,Day
32.18,19.73,0,400,01/03/2020 10:35:20,Day
32.18,5.96,0,70.74,01/03/2020 10:35:21,Day
32.18,11.04,0,400,01/03/2020 10:35:22,Day
34.76,9.47,0,70.31,01/03/2020 10:35:23,Day